"Account name","Campaign name","Ad set name","Ad name","Ad ID",Placement,Reach,Impressions,Frequency,Currency,"Amount spent (TWD)","Attribution setting","Reporting starts","Reporting ends"
,,,,,,113730,504598,4.43680647,TWD,34024,,2026-01-01,2026-04-18
Tuner,"AB test #3","＃3 Ads-spirit audience",良心生的太大顆-spirit,120242339359650243,"Facebook Reels",2,2,1,TWD,0,"1-day click",2026-01-01,2026-04-18
Tuner,文章推薦,Ads#9,吸引力法則是真的,120240922187740243,Feed,24,24,1,TWD,0,"1-day click",2026-01-01,2026-04-18
Tuner,文章推薦,Ads#3,控制，是這場虛擬遊戲中的無效指令,120239487827560243,Feed,5,5,1,TWD,0,"1-day click",2026-01-01,2026-04-18
Tuner,"AB test #2","#2 Ads-biz audience",別再問當初-biz,120242088359070243,"Facebook Reels",14,14,1,TWD,0,"1-day click",2026-01-01,2026-04-18
Tuner,"AB test #3","＃3 Ads-spirit audience",良心生的太大顆-spirit,120242339359650243,Feed,16,16,1,TWD,0,"1-day click",2026-01-01,2026-04-18
Tuner,文章推薦,Ads#3,你看到的是攻擊，我看到的是求救。,120239484391820243,Feed,10,10,1,TWD,0,"1-day click",2026-01-01,2026-04-18
Tuner,"AB test #3","＃3 Ads-spirit audience",隱藏關卡-spirit,120242339359660243,"Facebook Reels",17,17,1,TWD,2,"1-day click",2026-01-01,2026-04-18
Tuner,文章推薦,Ads#2,然後呢,120238977243880243,Feed,490,506,1.03265306,TWD,53,"1-day click",2026-01-01,2026-04-18
Tuner,文章推薦,"Ads#4-CNY special - before - Copy","能量清理 感恩練習",120239592359990243,Feed,233,242,1.03862661,TWD,27,"1-day click",2026-01-01,2026-04-18
Tuner,文章推薦,"Ads#4-CNY special - before - Copy","能量清理 感恩練習",120239592359990243,"Facebook Reels",36,39,1.08333333,TWD,14,"1-day click",2026-01-01,2026-04-18
Tuner,"AB test #2","#2 Ads-biz audience",別再問當初-biz,120242088359070243,Feed,126,137,1.08730159,TWD,4,"1-day click",2026-01-01,2026-04-18
Tuner,文章推薦,Ads#3,控制，是這場虛擬遊戲中的無效指令,120239444380330243,Feed,22,24,1.09090909,TWD,0,"1-day click",2026-01-01,2026-04-18
Tuner,"AB test #3","＃3 Ads-spirit audience",順著天意做事-spirit,120242339359640243,"Facebook Reels",121,132,1.09090909,TWD,15,"1-day click",2026-01-01,2026-04-18
Tuner,"AB test #3","＃3 Ads-spirit audience",隱藏關卡-spirit,120242339359660243,Feed,307,347,1.13029316,TWD,20,"1-day click",2026-01-01,2026-04-18
Tuner,"AB test #3","#3 Ads-biz audience",隱藏關卡-biz,120242339359610243,"Facebook Reels",97,110,1.13402062,TWD,16,"1-day click",2026-01-01,2026-04-18
Tuner,文章推薦,Ads#3,"不是息心除妄想 ，只緣無事可思量",120239444380320243,Feed,28,32,1.14285714,TWD,0,"1-day click",2026-01-01,2026-04-18
Tuner,"AB test #2","＃2 Ads-spirit audience",別再問當初-spirit,120242088949730243,"Facebook Reels",25,29,1.16,TWD,3,"1-day click",2026-01-01,2026-04-18
Tuner,"AB test #2","#2 Ads-biz audience","無反應練習 -biz",120242088483140243,"Facebook Reels",204,241,1.18137255,TWD,22,"1-day click",2026-01-01,2026-04-18
Tuner,文章推薦,Ads#5,丙午赤馬年，你準備好,120239995485910243,Feed,65,77,1.18461538,TWD,1,"1-day click",2026-01-01,2026-04-18
Tuner,"AB test #4","#4 Ads-biz audience",良心生的太大顆-biz,120242534508600243,Feed,1191,1411,1.18471872,TWD,94,"1-day click",2026-01-01,2026-04-18
Tuner,"AB test #2","＃2 Ads-spirit audience",無反應練習-spirit,120242088359060243,"Facebook Reels",110,131,1.19090909,TWD,11,"1-day click",2026-01-01,2026-04-18
Tuner,文章推薦,ads#11,靈性成長的代價,120241686503350243,Feed,982,1182,1.20366599,TWD,73,"1-day click",2026-01-01,2026-04-18
Tuner,"AB test #3","＃3 Ads-spirit audience",順著天意做事-spirit,120242339359640243,Feed,1124,1368,1.21708185,TWD,69,"1-day click",2026-01-01,2026-04-18
Tuner,"AB test #3","#3 Ads-biz audience",隱藏關卡-biz,120242339359610243,Feed,374,458,1.22459893,TWD,29,"1-day click",2026-01-01,2026-04-18
Tuner,文章推薦,Ads#9,"忍辱還是忍耐，你確定你修行修對了嗎？ - Copy",120240923077920243,Feed,884,1084,1.22624434,TWD,59,"1-day click",2026-01-01,2026-04-18
Tuner,文章推薦,"Winner Ads",願力,120238946117470243,Feed,65,80,1.23076923,TWD,7,"1-day click",2026-01-01,2026-04-18
Tuner,"AB test #3","#3 Ads-biz audience",順著天意做事-biz,120242339359620243,"Facebook Reels",783,979,1.25031928,TWD,95,"1-day click",2026-01-01,2026-04-18
Tuner,"AB test","Ads-biz audience",定海神針-biz,120241051380370243,Feed,2441,3069,1.25727161,TWD,172,"1-day click",2026-01-01,2026-04-18
Tuner,文章推薦,Ads#2,小心負能量炸彈,120239150254200243,Feed,173,218,1.26011561,TWD,16,"1-day click",2026-01-01,2026-04-18
Tuner,"AB test","Ads-biz audience",定海神針-biz,120241051380370243,"Facebook Reels",316,411,1.30063291,TWD,52,"1-day click",2026-01-01,2026-04-18
Tuner,"AB test #4","#4 Ads-biz audience",良心生的太大顆-biz,120242534508600243,"Facebook Reels",359,467,1.30083565,TWD,55,"1-day click",2026-01-01,2026-04-18
Tuner,文章推薦,Ads#9,如果你的生命正在經歷失去,120240923314980243,Feed,190,248,1.30526316,TWD,4,"1-day click",2026-01-01,2026-04-18
Tuner,"AB test #2","＃2 Ads-spirit audience",別再問當初-spirit,120242088949730243,Feed,317,414,1.30599369,TWD,8,"1-day click",2026-01-01,2026-04-18
Tuner,文章推薦,ads#11,『離開』是為了逃避？,120241686503340243,Feed,3873,5085,1.31293571,TWD,293,"1-day click",2026-01-01,2026-04-18
Tuner,文章推薦,Ads#6,你算命嗎？算命是怎麼一回事呢？,120240305183740243,Feed,236,310,1.31355932,TWD,9,"1-day click",2026-01-01,2026-04-18
Tuner,文章推薦,Ads#3,你看到的是攻擊，我看到的是求救。,120239487827550243,Feed,3477,4579,1.31693989,TWD,392,"1-day click",2026-01-01,2026-04-18
Tuner,"AB test #2","＃2 Ads-spirit audience","長姊病-spirit -",120242088913790243,"Facebook Reels",1487,1962,1.3194351,TWD,216,"1-day click",2026-01-01,2026-04-18
Tuner,文章推薦,Ads#6,【我的菩薩，是一匹馬：在拉扯中看見覺醒】,120240305240460243,Feed,1212,1603,1.32260726,TWD,88,"1-day click",2026-01-01,2026-04-18
Tuner,文章推薦,Ads#3,歲末感恩,120239607137390243,Feed,128,170,1.328125,TWD,7,"1-day click",2026-01-01,2026-04-18
Tuner,文章推薦,"Winner Ads",被對與錯綁架的人生,120238282251370243,Feed,557,760,1.36445242,TWD,102,"1-day click",2026-01-01,2026-04-18
Tuner,文章推薦,Ads#7,外在的顯化來自於內在的轉化,120240612843560243,"Facebook Reels",365,500,1.36986301,TWD,69,"1-day click",2026-01-01,2026-04-18
Tuner,"AB test #3","#3 Ads-biz audience",順著天意做事-biz,120242339359620243,Feed,2753,3792,1.37740647,TWD,221,"1-day click",2026-01-01,2026-04-18
Tuner,文章推薦,"Ads#4-CNY special","丙午赤馬年 練馬術",120239487149610243,"Facebook Reels",814,1139,1.3992629,TWD,176,"1-day click",2026-01-01,2026-04-18
Tuner,"AB test #2","＃2 Ads-spirit audience",無反應練習-spirit,120242088359060243,Feed,1497,2099,1.40213761,TWD,101,"1-day click",2026-01-01,2026-04-18
Tuner,文章推薦,Ads#9,被討厭的勇氣,120240922734320243,Feed,3795,5347,1.40895916,TWD,378,"1-day click",2026-01-01,2026-04-18
Tuner,"AB test #2","#2 Ads-biz audience","無反應練習 -biz",120242088483140243,Feed,2460,3546,1.44146341,TWD,205,"1-day click",2026-01-01,2026-04-18
Tuner,文章推薦,"Winner Ads",為什麼生活像鬼打牆（習氣）,120238673701300243,Feed,82,120,1.46341463,TWD,8,"1-day click",2026-01-01,2026-04-18
Tuner,文章推薦,Ads#3,"不是息心除妄想 ，只緣無事可思量",120239487827540243,Feed,2282,3353,1.46932515,TWD,219,"1-day click",2026-01-01,2026-04-18
Tuner,文章推薦,ads#11,無路是因為你只想走眼前的這條路,120241686795000243,Feed,8119,11961,1.47321099,TWD,699,"1-day click",2026-01-01,2026-04-18
Tuner,"AB test #2","#2 Ads-biz audience",長姊病-biz,120242088408030243,"Facebook Reels",4061,5985,1.47377493,TWD,747,"1-day click",2026-01-01,2026-04-18
Tuner,文章推薦,Ads#7,向死而生,120240612843570243,"Facebook Reels",608,897,1.47532895,TWD,120,"1-day click",2026-01-01,2026-04-18
Tuner,文章推薦,"Winner Ads",然後呢,120238498399580243,Feed,2060,3053,1.48203883,TWD,310,"1-day click",2026-01-01,2026-04-18
Tuner,文章推薦,"Ads#4-CNY special","丙午赤馬年 練馬術",120239487149610243,Feed,4523,6765,1.4956887,TWD,445,"1-day click",2026-01-01,2026-04-18
Tuner,文章推薦,Ads#7,外在的顯化來自於內在的轉化,120240612843560243,Feed,1933,2910,1.50543197,TWD,204,"1-day click",2026-01-01,2026-04-18
Tuner,文章推薦,Ads#10,請允許不一樣,120241143458500243,Feed,4017,6050,1.50609908,TWD,298,"1-day click",2026-01-01,2026-04-18
Tuner,"AB test","Ads-spirit audience",定海神針-spirit,120241889835780243,"Facebook Reels",1162,1786,1.53700516,TWD,296,"1-day click",2026-01-01,2026-04-18
Tuner,"AB test #2","＃2 Ads-spirit audience","長姊病-spirit -",120242088913790243,Feed,7826,12151,1.55264503,TWD,585,"1-day click",2026-01-01,2026-04-18
Tuner,文章推薦,Ads#7,向死而生,120240612843570243,Feed,4235,6612,1.56127509,TWD,450,"1-day click",2026-01-01,2026-04-18
Tuner,文章推薦,ads#8,大腦關機,120240920505980243,Feed,1933,3029,1.56699431,TWD,190,"1-day click",2026-01-01,2026-04-18
Tuner,文章推薦,Ads#10,焦慮是大腦的生存騙局,120241143572420243,Feed,24224,41222,1.70170079,TWD,1761,"1-day click",2026-01-01,2026-04-18
Tuner,"AB test","Ads-spirit audience",定海神針-spirit,120241889835780243,Feed,6300,10784,1.71174603,TWD,775,"1-day click",2026-01-01,2026-04-18
Tuner,文章推薦,"Winner Ads",付出那一刻就得到,120238673865170243,Feed,290,504,1.73793103,TWD,38,"1-day click",2026-01-01,2026-04-18
Tuner,"AB test #2","#2 Ads-biz audience",長姊病-biz,120242088408030243,Feed,11034,19211,1.74107305,TWD,988,"1-day click",2026-01-01,2026-04-18
Tuner,文章推薦,"Winner Ads",為什麼你的靜坐沒有效,120238674462050243,Feed,337,591,1.7537092,TWD,88,"1-day click",2026-01-01,2026-04-18
Tuner,文章推薦,Ads#3,"#吸引力法則 #善護念你的念頭",120239444412800243,Feed,20125,39796,1.97744099,TWD,2605,"1-day click",2026-01-01,2026-04-18
Tuner,文章推薦,ads#8,別用一生去治癒童年,120240920871970243,Feed,31491,63066,2.00266743,TWD,3913,"1-day click",2026-01-01,2026-04-18
Tuner,文章推薦,Ads#2,付出那一刻就得到,120239150399740243,Feed,6042,12142,2.00959947,TWD,1398,"1-day click",2026-01-01,2026-04-18
Tuner,文章推薦,Ads#2,願力,120238976806660243,Feed,3284,6744,2.05359318,TWD,1002,"1-day click",2026-01-01,2026-04-18
Tuner,文章推薦,Ads#5,忍辱還是忍耐，你確定你修行修對了嗎？,120239995485900243,Feed,19834,41128,2.07361097,TWD,2471,"1-day click",2026-01-01,2026-04-18
Tuner,文章推薦,Ads#6,被討厭的勇氣,120240305277950243,Feed,17203,38021,2.21013777,TWD,2404,"1-day click",2026-01-01,2026-04-18
Tuner,文章推薦,"Winner Ads",傷害你的人正在溺水,120238362373400243,Feed,51813,122301,2.36043078,TWD,8832,"1-day click",2026-01-01,2026-04-18
